seq,t_utc,t_ms,participant,phase,trial_index,trial_id,event,detail,target_emotion,shape,room_id,hue,saturation,brightness,texture,head_x,head_y,head_z,head_yaw,head_pitch,head_roll,pointer_x,pointer_y,valence,arousal,value_a,value_b,note
1,2026-08-02T14:03:11+00:00,0,p01,,,,session_start,log opened,,,,,,,,,,,,,,,,,,,,unity=6000.3.19f1 platform=Android device=Quest3 pools_hue=0|30|60|90|120|180|240|270|300|330 pools_sat=0.2|0.4 pools_lux=30|100|300|700|900 pools_tex=plaster|concrete|textile wall_value=1 albedo_ceiling=0.85
2,2026-08-02T14:03:11.805000+00:00,805,p01,A,,,session_begin,trial runner starting,,,,,,,,,,,,,,,,,,p01,8,
3,2026-08-02T14:03:12.062000+00:00,1062,p01,A,1,calm_demo_001_curved,trial_start,,calm,curved,calm_demo_001,240,0.2,100,plaster,,,,,,,,,,,,,
4,2026-08-02T14:03:12.157000+00:00,1157,p01,A,1,calm_demo_001_curved,room_shown,exposure begins,calm,curved,calm_demo_001,240,0.2,100,plaster,,,,,,,,,,,,,
5,2026-08-02T14:03:12.247000+00:00,1247,p01,A,1,calm_demo_001_curved,head_pose,sample,,,,,,,,0.0032,1.6,1.3,1.6439,-4.1762,-0.8138,,,,,,,
6,2026-08-02T14:03:12.345000+00:00,1345,p01,A,1,calm_demo_001_curved,head_pose,sample,,,,,,,,0.0115,1.6,1.3,356.8092,-1.3265,0.6437,,,,,,,
7,2026-08-02T14:03:12.447000+00:00,1447,p01,A,1,calm_demo_001_curved,head_pose,sample,,,,,,,,0.0129,1.6,1.3,353.6505,-7.7026,1.8356,,,,,,,
8,2026-08-02T14:03:12.545000+00:00,1545,p01,A,1,calm_demo_001_curved,head_pose,sample,,,,,,,,0.0148,1.6,1.3,345.637,4.6427,-0.4461,,,,,,,
9,2026-08-02T14:03:12.643000+00:00,1643,p01,A,1,calm_demo_001_curved,head_pose,sample,,,,,,,,0.0101,1.6,1.3,348.1703,3.2675,-1.0709,,,,,,,
10,2026-08-02T14:03:12.742000+00:00,1742,p01,A,1,calm_demo_001_curved,head_pose,sample,,,,,,,,0.0145,1.6,1.3,348.5435,-4.9945,0.5491,,,,,,,
11,2026-08-02T14:03:12.841000+00:00,1841,p01,A,1,calm_demo_001_curved,head_pose,sample,,,,,,,,0.0141,1.6,1.3,346.3884,-1.7404,2.1244,,,,,,,
12,2026-08-02T14:03:12.939000+00:00,1939,p01,A,1,calm_demo_001_curved,head_pose,sample,,,,,,,,0.0201,1.6,1.3,339.9745,-0.8204,0.61,,,,,,,
13,2026-08-02T14:03:13.038000+00:00,2038,p01,A,1,calm_demo_001_curved,head_pose,sample,,,,,,,,0.0197,1.6,1.3,344.1906,-6.7614,1.3685,,,,,,,
14,2026-08-02T14:03:13.138000+00:00,2138,p01,A,1,calm_demo_001_curved,head_pose,sample,,,,,,,,0.021,1.6,1.3,339.9115,-9.4408,-1.6174,,,,,,,
15,2026-08-02T14:03:13.239000+00:00,2239,p01,A,1,calm_demo_001_curved,head_pose,sample,,,,,,,,0.0293,1.6,1.3,335.4759,1.415,0.4998,,,,,,,
16,2026-08-02T14:03:13.341000+00:00,2341,p01,A,1,calm_demo_001_curved,head_pose,sample,,,,,,,,0.0306,1.6,1.3,337.0762,-10.3191,-0.0704,,,,,,,
17,2026-08-02T14:03:13.441000+00:00,2441,p01,A,1,calm_demo_001_curved,head_pose,sample,,,,,,,,0.0301,1.6,1.3,340.6521,-5.8934,-1.0418,,,,,,,
18,2026-08-02T14:03:13.541000+00:00,2541,p01,A,1,calm_demo_001_curved,head_pose,sample,,,,,,,,0.0336,1.6,1.3,339.2452,-1.2521,0.3223,,,,,,,
19,2026-08-02T14:03:13.641000+00:00,2641,p01,A,1,calm_demo_001_curved,head_pose,sample,,,,,,,,0.0338,1.6,1.3,341.5252,-4.4248,-2.3659,,,,,,,
20,2026-08-02T14:03:13.740000+00:00,2740,p01,A,1,calm_demo_001_curved,head_pose,sample,,,,,,,,0.0367,1.6,1.3,331.7963,-0.3968,0.8399,,,,,,,
21,2026-08-02T14:03:13.841000+00:00,2841,p01,A,1,calm_demo_001_curved,head_pose,sample,,,,,,,,0.0328,1.6,1.3,321.5065,-7.3863,0.0771,,,,,,,
22,2026-08-02T14:03:13.942000+00:00,2942,p01,A,1,calm_demo_001_curved,head_pose,sample,,,,,,,,0.0276,1.6,1.3,324.7595,-5.9346,0.503,,,,,,,
23,2026-08-02T14:03:14.040000+00:00,3040,p01,A,1,calm_demo_001_curved,head_pose,sample,,,,,,,,0.0209,1.6,1.3,329.3409,-3.9291,-1.9309,,,,,,,
24,2026-08-02T14:03:14.142000+00:00,3142,p01,A,1,calm_demo_001_curved,head_pose,sample,,,,,,,,0.0266,1.6,1.3,334.1427,-11.0612,-0.7249,,,,,,,
25,2026-08-02T14:03:14.242000+00:00,3242,p01,A,1,calm_demo_001_curved,head_pose,sample,,,,,,,,0.0322,1.6,1.3,336.0159,2.1055,-0.8452,,,,,,,
26,2026-08-02T14:03:14.340000+00:00,3340,p01,A,1,calm_demo_001_curved,head_pose,sample,,,,,,,,0.0297,1.6,1.3,343.9362,0.2623,0.0775,,,,,,,
27,2026-08-02T14:03:14.438000+00:00,3438,p01,A,1,calm_demo_001_curved,head_pose,sample,,,,,,,,0.0321,1.6,1.3,342.1747,-5.7428,0.0082,,,,,,,
28,2026-08-02T14:03:14.537000+00:00,3537,p01,A,1,calm_demo_001_curved,head_pose,sample,,,,,,,,0.0344,1.6,1.3,340.5129,-0.2877,2.4037,,,,,,,
29,2026-08-02T14:03:14.636000+00:00,3636,p01,A,1,calm_demo_001_curved,head_pose,sample,,,,,,,,0.0358,1.6,1.3,339.3569,6.1702,-1.2141,,,,,,,
30,2026-08-02T14:03:14.734000+00:00,3734,p01,A,1,calm_demo_001_curved,head_pose,sample,,,,,,,,0.038,1.6,1.3,329.6221,-1.1153,1.3237,,,,,,,
31,2026-08-02T14:03:14.834000+00:00,3834,p01,A,1,calm_demo_001_curved,head_pose,sample,,,,,,,,0.0426,1.6,1.3,324.7227,-4.9812,2.694,,,,,,,
32,2026-08-02T14:03:14.936000+00:00,3936,p01,A,1,calm_demo_001_curved,head_pose,sample,,,,,,,,0.0425,1.6,1.3,335.5175,-4.1108,0.2927,,,,,,,
33,2026-08-02T14:03:15.037000+00:00,4037,p01,A,1,calm_demo_001_curved,head_pose,sample,,,,,,,,0.0476,1.6,1.3,337.5149,2.5084,-1.8605,,,,,,,
34,2026-08-02T14:03:15.136000+00:00,4136,p01,A,1,calm_demo_001_curved,head_pose,sample,,,,,,,,0.0535,1.6,1.3,324.4221,2.9465,-2.0555,,,,,,,
35,2026-08-02T14:03:15.238000+00:00,4238,p01,A,1,calm_demo_001_curved,head_pose,sample,,,,,,,,0.0524,1.6,1.3,312.9247,1.5147,-0.7667,,,,,,,
36,2026-08-02T14:03:15.336000+00:00,4336,p01,A,1,calm_demo_001_curved,head_pose,sample,,,,,,,,0.0465,1.6,1.3,309.8346,-7.1654,0.415,,,,,,,
37,2026-08-02T14:03:15.435000+00:00,4435,p01,A,1,calm_demo_001_curved,head_pose,sample,,,,,,,,0.0404,1.6,1.3,310.5392,-3.8578,0.0568,,,,,,,
38,2026-08-02T14:03:15.533000+00:00,4533,p01,A,1,calm_demo_001_curved,head_pose,sample,,,,,,,,0.0469,1.6,1.3,310.8273,-8.4381,-0.5303,,,,,,,
39,2026-08-02T14:03:15.633000+00:00,4633,p01,A,1,calm_demo_001_curved,head_pose,sample,,,,,,,,0.0475,1.6,1.3,303.3585,-5.6048,0.2191,,,,,,,
40,2026-08-02T14:03:15.733000+00:00,4733,p01,A,1,calm_demo_001_curved,head_pose,sample,,,,,,,,0.0481,1.6,1.3,297.7462,0.2013,1.8697,,,,,,,
41,2026-08-02T14:03:15.832000+00:00,4832,p01,A,1,calm_demo_001_curved,head_pose,sample,,,,,,,,0.0458,1.6,1.3,294.754,-3.5798,1.4283,,,,,,,
42,2026-08-02T14:03:15.931000+00:00,4931,p01,A,1,calm_demo_001_curved,head_pose,sample,,,,,,,,0.0513,1.6,1.3,289.8804,-0.3905,-1.1006,,,,,,,
43,2026-08-02T14:03:16.033000+00:00,5033,p01,A,1,calm_demo_001_curved,head_pose,sample,,,,,,,,0.0529,1.6,1.3,294.1589,0.1518,-0.7634,,,,,,,
44,2026-08-02T14:03:16.133000+00:00,5133,p01,A,1,calm_demo_001_curved,head_pose,sample,,,,,,,,0.06,1.6,1.3,293.8696,-8.1171,1.2312,,,,,,,
45,2026-08-02T14:03:16.235000+00:00,5235,p01,A,1,calm_demo_001_curved,head_pose,sample,,,,,,,,0.0715,1.6,1.3,294.7709,6.0735,-0.3903,,,,,,,
46,2026-08-02T14:03:16.337000+00:00,5337,p01,A,1,calm_demo_001_curved,head_pose,sample,,,,,,,,0.0692,1.6,1.3,292.2482,-8.3193,1.6789,,,,,,,
47,2026-08-02T14:03:16.437000+00:00,5437,p01,A,1,calm_demo_001_curved,head_pose,sample,,,,,,,,0.0705,1.6,1.3,289.7198,0.667,0.3544,,,,,,,
48,2026-08-02T14:03:16.535000+00:00,5535,p01,A,1,calm_demo_001_curved,head_pose,sample,,,,,,,,0.0731,1.6,1.3,282.4515,-4.1505,-0.1055,,,,,,,
49,2026-08-02T14:03:16.635000+00:00,5635,p01,A,1,calm_demo_001_curved,head_pose,sample,,,,,,,,0.0758,1.6,1.3,286.0574,3.7214,-3.7946,,,,,,,
50,2026-08-02T14:03:16.733000+00:00,5733,p01,A,1,calm_demo_001_curved,head_pose,sample,,,,,,,,0.0752,1.6,1.3,295.1351,-1.0843,-1.7706,,,,,,,
51,2026-08-02T14:03:16.834000+00:00,5834,p01,A,1,calm_demo_001_curved,head_pose,sample,,,,,,,,0.0753,1.6,1.3,287.64,1.1595,0.3962,,,,,,,
52,2026-08-02T14:03:16.933000+00:00,5933,p01,A,1,calm_demo_001_curved,head_pose,sample,,,,,,,,0.0705,1.6,1.3,281.1668,2.4668,-2.6972,,,,,,,
53,2026-08-02T14:03:17.032000+00:00,6032,p01,A,1,calm_demo_001_curved,head_pose,sample,,,,,,,,0.0745,1.6,1.3,282.7934,-2.573,-0.4992,,,,,,,
54,2026-08-02T14:03:17.130000+00:00,6130,p01,A,1,calm_demo_001_curved,head_pose,sample,,,,,,,,0.0779,1.6,1.3,282.2661,0.7737,2.4713,,,,,,,
55,2026-08-02T14:03:17.230000+00:00,6230,p01,A,1,calm_demo_001_curved,head_pose,sample,,,,,,,,0.0814,1.6,1.3,288.0601,-3.8589,-1.4968,,,,,,,
56,2026-08-02T14:03:17.329000+00:00,6329,p01,A,1,calm_demo_001_curved,head_pose,sample,,,,,,,,0.0801,1.6,1.3,292.3132,-2.1818,0.4756,,,,,,,
57,2026-08-02T14:03:17.427000+00:00,6427,p01,A,1,calm_demo_001_curved,head_pose,sample,,,,,,,,0.0748,1.6,1.3,298.4138,-8.3622,-1.8544,,,,,,,
58,2026-08-02T14:03:17.527000+00:00,6527,p01,A,1,calm_demo_001_curved,head_pose,sample,,,,,,,,0.0743,1.6,1.3,302.6348,-4.8858,-0.4833,,,,,,,
59,2026-08-02T14:03:17.628000+00:00,6628,p01,A,1,calm_demo_001_curved,head_pose,sample,,,,,,,,0.0788,1.6,1.3,295.8739,3.0918,-0.1069,,,,,,,
60,2026-08-02T14:03:17.726000+00:00,6726,p01,A,1,calm_demo_001_curved,head_pose,sample,,,,,,,,0.0775,1.6,1.3,300.6115,-2.019,0.2545,,,,,,,
61,2026-08-02T14:03:17.824000+00:00,6824,p01,A,1,calm_demo_001_curved,head_pose,sample,,,,,,,,0.0762,1.6,1.3,298.4968,-5.5643,1.4071,,,,,,,
62,2026-08-02T14:03:17.922000+00:00,6922,p01,A,1,calm_demo_001_curved,head_pose,sample,,,,,,,,0.0747,1.6,1.3,298.9858,-0.2353,-2.1221,,,,,,,
63,2026-08-02T14:03:18.023000+00:00,7023,p01,A,1,calm_demo_001_curved,head_pose,sample,,,,,,,,0.0724,1.6,1.3,304.2829,1.3942,-2.1017,,,,,,,
64,2026-08-02T14:03:18.122000+00:00,7122,p01,A,1,calm_demo_001_curved,head_pose,sample,,,,,,,,0.0734,1.6,1.3,301.3935,-12.5127,-2.026,,,,,,,
65,2026-08-02T14:03:18.221000+00:00,7221,p01,A,1,calm_demo_001_curved,head_pose,sample,,,,,,,,0.0752,1.6,1.3,301.952,-4.8209,-2.1413,,,,,,,
66,2026-08-02T14:03:18.319000+00:00,7319,p01,A,1,calm_demo_001_curved,head_pose,sample,,,,,,,,0.0786,1.6,1.3,304.8189,-0.3751,-0.3732,,,,,,,
67,2026-08-02T14:03:18.420000+00:00,7420,p01,A,1,calm_demo_001_curved,head_pose,sample,,,,,,,,0.084,1.6,1.3,297.0656,-1.5461,-2.3543,,,,,,,
68,2026-08-02T14:03:18.518000+00:00,7518,p01,A,1,calm_demo_001_curved,head_pose,sample,,,,,,,,0.0796,1.6,1.3,312.0763,1.8201,0.2711,,,,,,,
69,2026-08-02T14:03:18.617000+00:00,7617,p01,A,1,calm_demo_001_curved,head_pose,sample,,,,,,,,0.0693,1.6,1.3,315.5072,-1.3287,0.606,,,,,,,
70,2026-08-02T14:03:18.718000+00:00,7718,p01,A,1,calm_demo_001_curved,head_pose,sample,,,,,,,,0.0795,1.6,1.3,317.843,-1.0258,1.4032,,,,,,,
71,2026-08-02T14:03:18.820000+00:00,7820,p01,A,1,calm_demo_001_curved,head_pose,sample,,,,,,,,0.082,1.6,1.3,322.6762,7.1903,1.2137,,,,,,,
72,2026-08-02T14:03:18.918000+00:00,7918,p01,A,1,calm_demo_001_curved,head_pose,sample,,,,,,,,0.0883,1.6,1.3,325.1317,-5.6607,0.0701,,,,,,,
73,2026-08-02T14:03:19.017000+00:00,8017,p01,A,1,calm_demo_001_curved,head_pose,sample,,,,,,,,0.0899,1.6,1.3,315.9941,-1.1202,0.7208,,,,,,,
74,2026-08-02T14:03:19.116000+00:00,8116,p01,A,1,calm_demo_001_curved,head_pose,sample,,,,,,,,0.0918,1.6,1.3,327.5899,1.4376,-1.9279,,,,,,,
75,2026-08-02T14:03:19.215000+00:00,8215,p01,A,1,calm_demo_001_curved,head_pose,sample,,,,,,,,0.0912,1.6,1.3,335.1015,2.6337,-0.166,,,,,,,
76,2026-08-02T14:03:19.315000+00:00,8315,p01,A,1,calm_demo_001_curved,head_pose,sample,,,,,,,,0.0933,1.6,1.3,337.9726,-1.9386,-0.1241,,,,,,,
77,2026-08-02T14:03:19.414000+00:00,8414,p01,A,1,calm_demo_001_curved,head_pose,sample,,,,,,,,0.0865,1.6,1.3,339.0327,3.6272,0.0895,,,,,,,
78,2026-08-02T14:03:19.513000+00:00,8513,p01,A,1,calm_demo_001_curved,head_pose,sample,,,,,,,,0.0889,1.6,1.3,343.9145,0.5684,-0.3998,,,,,,,
79,2026-08-02T14:03:19.614000+00:00,8614,p01,A,1,calm_demo_001_curved,head_pose,sample,,,,,,,,0.0906,1.6,1.3,342.0499,-11.66,0.2856,,,,,,,
80,2026-08-02T14:03:19.714000+00:00,8714,p01,A,1,calm_demo_001_curved,head_pose,sample,,,,,,,,0.0947,1.6,1.3,342.5182,1.655,-1.4825,,,,,,,
81,2026-08-02T14:03:19.813000+00:00,8813,p01,A,1,calm_demo_001_curved,head_pose,sample,,,,,,,,0.0909,1.6,1.3,348.2186,-1.6931,1.1186,,,,,,,
82,2026-08-02T14:03:19.914000+00:00,8914,p01,A,1,calm_demo_001_curved,head_pose,sample,,,,,,,,0.0821,1.6,1.3,344.2488,-0.855,2.5022,,,,,,,
83,2026-08-02T14:03:20.013000+00:00,9013,p01,A,1,calm_demo_001_curved,head_pose,sample,,,,,,,,0.0842,1.6,1.3,347.3253,3.0012,-2.2838,,,,,,,
84,2026-08-02T14:03:20.115000+00:00,9115,p01,A,1,calm_demo_001_curved,head_pose,sample,,,,,,,,0.0812,1.6,1.3,346.3104,-9.4312,-0.602,,,,,,,
85,2026-08-02T14:03:20.215000+00:00,9215,p01,A,1,calm_demo_001_curved,head_pose,sample,,,,,,,,0.0816,1.6,1.3,345.0021,1.0445,3.5718,,,,,,,
86,2026-08-02T14:03:20.316000+00:00,9316,p01,A,1,calm_demo_001_curved,head_pose,sample,,,,,,,,0.0851,1.6,1.3,349.8674,-12.3109,0.8435,,,,,,,
87,2026-08-02T14:03:20.414000+00:00,9414,p01,A,1,calm_demo_001_curved,head_pose,sample,,,,,,,,0.091,1.6,1.3,355.5658,-4.8248,-1.1578,,,,,,,
88,2026-08-02T14:03:20.515000+00:00,9515,p01,A,1,calm_demo_001_curved,head_pose,sample,,,,,,,,0.0948,1.6,1.3,352.6651,-7.2083,0.6399,,,,,,,
89,2026-08-02T14:03:20.613000+00:00,9613,p01,A,1,calm_demo_001_curved,head_pose,sample,,,,,,,,0.0986,1.6,1.3,356.9703,-0.2153,-0.1675,,,,,,,
90,2026-08-02T14:03:20.713000+00:00,9713,p01,A,1,calm_demo_001_curved,head_pose,change,,,,,,,,0.0986,1.6,1.3,27.9703,-4.2,0.9,,,,,,,
91,2026-08-02T14:03:20.746000+00:00,9746,p01,A,1,calm_demo_001_curved,head_pose,sample,,,,,,,,0.0989,1.6,1.3,358.6245,-8.7731,-0.105,,,,,,,
92,2026-08-02T14:03:20.848000+00:00,9848,p01,A,1,calm_demo_001_curved,head_pose,sample,,,,,,,,0.0904,1.6,1.3,348.1204,0.3072,0.7392,,,,,,,
93,2026-08-02T14:03:20.949000+00:00,9949,p01,A,1,calm_demo_001_curved,head_pose,sample,,,,,,,,0.087,1.6,1.3,354.7745,1.6191,0.9677,,,,,,,
94,2026-08-02T14:03:21.047000+00:00,10047,p01,A,1,calm_demo_001_curved,head_pose,sample,,,,,,,,0.0898,1.6,1.3,352.0276,0.2098,2.9956,,,,,,,
95,2026-08-02T14:03:21.149000+00:00,10149,p01,A,1,calm_demo_001_curved,head_pose,sample,,,,,,,,0.0868,1.6,1.3,356.9946,0.2915,0.2076,,,,,,,
96,2026-08-02T14:03:21.250000+00:00,10250,p01,A,1,calm_demo_001_curved,head_pose,sample,,,,,,,,0.0926,1.6,1.3,6.1515,-5.3453,-0.9983,,,,,,,
97,2026-08-02T14:03:21.351000+00:00,10351,p01,A,1,calm_demo_001_curved,head_pose,sample,,,,,,,,0.0913,1.6,1.3,11.9023,-2.8776,-0.0825,,,,,,,
98,2026-08-02T14:03:21.451000+00:00,10451,p01,A,1,calm_demo_001_curved,head_pose,sample,,,,,,,,0.0862,1.6,1.3,3.1799,1.362,0.8657,,,,,,,
99,2026-08-02T14:03:21.553000+00:00,10553,p01,A,1,calm_demo_001_curved,head_pose,sample,,,,,,,,0.0884,1.6,1.3,11.0578,2.8377,-0.6838,,,,,,,
100,2026-08-02T14:03:21.653000+00:00,10653,p01,A,1,calm_demo_001_curved,head_pose,sample,,,,,,,,0.0913,1.6,1.3,12.4038,-4.5073,-1.7053,,,,,,,
101,2026-08-02T14:03:21.753000+00:00,10753,p01,A,1,calm_demo_001_curved,head_pose,sample,,,,,,,,0.0871,1.6,1.3,14.0767,-2.4651,-1.7747,,,,,,,
102,2026-08-02T14:03:21.853000+00:00,10853,p01,A,1,calm_demo_001_curved,head_pose,sample,,,,,,,,0.0854,1.6,1.3,6.3811,2.2041,-1.766,,,,,,,
103,2026-08-02T14:03:21.951000+00:00,10951,p01,A,1,calm_demo_001_curved,head_pose,sample,,,,,,,,0.0802,1.6,1.3,8.2299,-4.7014,-3.0182,,,,,,,
104,2026-08-02T14:03:22.051000+00:00,11051,p01,A,1,calm_demo_001_curved,head_pose,sample,,,,,,,,0.0803,1.6,1.3,12.8149,-3.3021,3.6739,,,,,,,
105,2026-08-02T14:03:22.151000+00:00,11151,p01,A,1,calm_demo_001_curved,head_pose,sample,,,,,,,,0.0817,1.6,1.3,11.2636,-8.2912,-0.4034,,,,,,,
106,2026-08-02T14:03:22.250000+00:00,11250,p01,A,1,calm_demo_001_curved,head_pose,sample,,,,,,,,0.0827,1.6,1.3,15.3294,-2.158,2.6418,,,,,,,
107,2026-08-02T14:03:22.350000+00:00,11350,p01,A,1,calm_demo_001_curved,head_pose,sample,,,,,,,,0.0801,1.6,1.3,26.6346,-12.2372,0.047,,,,,,,
108,2026-08-02T14:03:22.449000+00:00,11449,p01,A,1,calm_demo_001_curved,head_pose,sample,,,,,,,,0.0772,1.6,1.3,28.9607,3.8768,0.565,,,,,,,
109,2026-08-02T14:03:22.551000+00:00,11551,p01,A,1,calm_demo_001_curved,head_pose,sample,,,,,,,,0.0778,1.6,1.3,23.3095,-5.1597,0.0586,,,,,,,
110,2026-08-02T14:03:22.651000+00:00,11651,p01,A,1,calm_demo_001_curved,head_pose,sample,,,,,,,,0.0762,1.6,1.3,17.101,-4.4483,-3.5815,,,,,,,
111,2026-08-02T14:03:22.753000+00:00,11753,p01,A,1,calm_demo_001_curved,head_pose,sample,,,,,,,,0.0801,1.6,1.3,18.2594,-6.6514,-1.6115,,,,,,,
112,2026-08-02T14:03:22.854000+00:00,11854,p01,A,1,calm_demo_001_curved,head_pose,sample,,,,,,,,0.0804,1.6,1.3,24.1671,5.759,2.5272,,,,,,,
113,2026-08-02T14:03:22.952000+00:00,11952,p01,A,1,calm_demo_001_curved,head_pose,sample,,,,,,,,0.0784,1.6,1.3,20.0064,-1.6542,-0.5272,,,,,,,
114,2026-08-02T14:03:23.050000+00:00,12050,p01,A,1,calm_demo_001_curved,head_pose,sample,,,,,,,,0.0676,1.6,1.3,30.5687,-6.4723,-0.2439,,,,,,,
115,2026-08-02T14:03:23.152000+00:00,12152,p01,A,1,calm_demo_001_curved,head_pose,sample,,,,,,,,0.0758,1.6,1.3,29.5147,0.943,-0.4026,,,,,,,
116,2026-08-02T14:03:23.254000+00:00,12254,p01,A,1,calm_demo_001_curved,head_pose,sample,,,,,,,,0.0712,1.6,1.3,26.1615,-4.3358,2.0374,,,,,,,
117,2026-08-02T14:03:23.355000+00:00,12355,p01,A,1,calm_demo_001_curved,head_pose,sample,,,,,,,,0.074,1.6,1.3,20.1832,-2.3891,0.6711,,,,,,,
118,2026-08-02T14:03:23.456000+00:00,12456,p01,A,1,calm_demo_001_curved,head_pose,sample,,,,,,,,0.0726,1.6,1.3,23.0574,-3.0514,-1.2163,,,,,,,
119,2026-08-02T14:03:23.558000+00:00,12558,p01,A,1,calm_demo_001_curved,head_pose,sample,,,,,,,,0.0761,1.6,1.3,27.8391,0.8274,-0.2992,,,,,,,
120,2026-08-02T14:03:23.657000+00:00,12657,p01,A,1,calm_demo_001_curved,head_pose,sample,,,,,,,,0.0703,1.6,1.3,26.5913,-3.4953,0.7544,,,,,,,
121,2026-08-02T14:03:23.758000+00:00,12758,p01,A,1,calm_demo_001_curved,head_pose,sample,,,,,,,,0.0713,1.6,1.3,25.8757,-1.8371,0.9456,,,,,,,
122,2026-08-02T14:03:23.858000+00:00,12858,p01,A,1,calm_demo_001_curved,head_pose,sample,,,,,,,,0.0648,1.6,1.3,28.5767,0.523,-2.4989,,,,,,,
123,2026-08-02T14:03:23.960000+00:00,12960,p01,A,1,calm_demo_001_curved,head_pose,sample,,,,,,,,0.0675,1.6,1.3,13.5321,-0.1533,-1.7248,,,,,,,
124,2026-08-02T14:03:24.058000+00:00,13058,p01,A,1,calm_demo_001_curved,head_pose,sample,,,,,,,,0.0618,1.6,1.3,13.9522,-5.5699,-2.012,,,,,,,
125,2026-08-02T14:03:24.159000+00:00,13159,p01,A,1,calm_demo_001_curved,head_pose,sample,,,,,,,,0.0616,1.6,1.3,14.2502,-0.4271,-2.1072,,,,,,,
126,2026-08-02T14:03:24.258000+00:00,13258,p01,A,1,calm_demo_001_curved,head_pose,sample,,,,,,,,0.0639,1.6,1.3,22.1346,-2.6772,0.8915,,,,,,,
127,2026-08-02T14:03:24.358000+00:00,13358,p01,A,1,calm_demo_001_curved,head_pose,sample,,,,,,,,0.0637,1.6,1.3,22.2623,-3.6561,0.5219,,,,,,,
128,2026-08-02T14:03:24.460000+00:00,13460,p01,A,1,calm_demo_001_curved,head_pose,sample,,,,,,,,0.0617,1.6,1.3,24.2652,-7.4352,1.1806,,,,,,,
129,2026-08-02T14:03:24.559000+00:00,13559,p01,A,1,calm_demo_001_curved,head_pose,sample,,,,,,,,0.0705,1.6,1.3,17.2433,-4.2605,0.3009,,,,,,,
130,2026-08-02T14:03:24.658000+00:00,13658,p01,A,1,calm_demo_001_curved,head_pose,sample,,,,,,,,0.0731,1.6,1.3,11.5555,2.2787,-2.0791,,,,,,,
131,2026-08-02T14:03:24.759000+00:00,13759,p01,A,1,calm_demo_001_curved,head_pose,sample,,,,,,,,0.0723,1.6,1.3,17.0838,4.4842,1.3021,,,,,,,
132,2026-08-02T14:03:24.860000+00:00,13860,p01,A,1,calm_demo_001_curved,head_pose,sample,,,,,,,,0.0704,1.6,1.3,22.5658,-1.1791,-0.8107,,,,,,,
133,2026-08-02T14:03:24.962000+00:00,13962,p01,A,1,calm_demo_001_curved,head_pose,sample,,,,,,,,0.0758,1.6,1.3,31.0623,-4.3379,0.2969,,,,,,,
134,2026-08-02T14:03:25.063000+00:00,14063,p01,A,1,calm_demo_001_curved,head_pose,sample,,,,,,,,0.0728,1.6,1.3,36.0527,-1.5353,-1.3237,,,,,,,
135,2026-08-02T14:03:25.163000+00:00,14163,p01,A,1,calm_demo_001_curved,head_pose,sample,,,,,,,,0.0753,1.6,1.3,36.7242,-3.025,-1.2629,,,,,,,
136,2026-08-02T14:03:25.261000+00:00,14261,p01,A,1,calm_demo_001_curved,head_pose,sample,,,,,,,,0.0659,1.6,1.3,30.7045,2.7468,2.1911,,,,,,,
137,2026-08-02T14:03:25.362000+00:00,14362,p01,A,1,calm_demo_001_curved,head_pose,sample,,,,,,,,0.0666,1.6,1.3,31.8563,-3.8587,-1.5638,,,,,,,
138,2026-08-02T14:03:25.463000+00:00,14463,p01,A,1,calm_demo_001_curved,head_pose,sample,,,,,,,,0.0777,1.6,1.3,34.1873,2.5176,-0.2588,,,,,,,
139,2026-08-02T14:03:25.563000+00:00,14563,p01,A,1,calm_demo_001_curved,head_pose,sample,,,,,,,,0.0694,1.6,1.3,33.4956,-1.1262,-3.9171,,,,,,,
140,2026-08-02T14:03:25.661000+00:00,14661,p01,A,1,calm_demo_001_curved,head_pose,sample,,,,,,,,0.0644,1.6,1.3,26.2946,-0.2428,0.7245,,,,,,,
141,2026-08-02T14:03:25.759000+00:00,14759,p01,A,1,calm_demo_001_curved,head_pose,sample,,,,,,,,0.0643,1.6,1.3,29.9276,-3.2011,0.4017,,,,,,,
142,2026-08-02T14:03:25.857000+00:00,14857,p01,A,1,calm_demo_001_curved,head_pose,sample,,,,,,,,0.0623,1.6,1.3,29.7052,6.0304,0.721,,,,,,,
143,2026-08-02T14:03:25.958000+00:00,14958,p01,A,1,calm_demo_001_curved,head_pose,sample,,,,,,,,0.0578,1.6,1.3,33.1808,-8.7481,0.0391,,,,,,,
144,2026-08-02T14:03:26.056000+00:00,15056,p01,A,1,calm_demo_001_curved,head_pose,sample,,,,,,,,0.0551,1.6,1.3,35.4706,0.3304,4.2625,,,,,,,
145,2026-08-02T14:03:26.158000+00:00,15158,p01,A,1,calm_demo_001_curved,head_pose,sample,,,,,,,,0.0602,1.6,1.3,29.9312,-2.8365,-1.6806,,,,,,,
146,2026-08-02T14:03:26.256000+00:00,15256,p01,A,1,calm_demo_001_curved,head_pose,sample,,,,,,,,0.0485,1.6,1.3,27.7795,3.1768,-1.7038,,,,,,,
147,2026-08-02T14:03:26.358000+00:00,15358,p01,A,1,calm_demo_001_curved,head_pose,sample,,,,,,,,0.0514,1.6,1.3,24.4681,-5.9984,-1.0419,,,,,,,
148,2026-08-02T14:03:26.460000+00:00,15460,p01,A,1,calm_demo_001_curved,head_pose,sample,,,,,,,,0.0554,1.6,1.3,20.226,-0.159,0.0883,,,,,,,
149,2026-08-02T14:03:26.558000+00:00,15558,p01,A,1,calm_demo_001_curved,head_pose,sample,,,,,,,,0.0573,1.6,1.3,12.9534,-2.9225,-0.3252,,,,,,,
150,2026-08-02T14:03:26.656000+00:00,15656,p01,A,1,calm_demo_001_curved,head_pose,sample,,,,,,,,0.0527,1.6,1.3,19.3527,6.2831,-0.3405,,,,,,,
151,2026-08-02T14:03:26.757000+00:00,15757,p01,A,1,calm_demo_001_curved,head_pose,sample,,,,,,,,0.0491,1.6,1.3,16.5742,-7.4842,0.1103,,,,,,,
152,2026-08-02T14:03:26.855000+00:00,15855,p01,A,1,calm_demo_001_curved,head_pose,sample,,,,,,,,0.0502,1.6,1.3,21.392,-1.3871,-0.471,,,,,,,
153,2026-08-02T14:03:26.957000+00:00,15957,p01,A,1,calm_demo_001_curved,head_pose,sample,,,,,,,,0.0455,1.6,1.3,23.5785,-6.6381,0.9182,,,,,,,
154,2026-08-02T14:03:27.055000+00:00,16055,p01,A,1,calm_demo_001_curved,head_pose,sample,,,,,,,,0.0387,1.6,1.3,15.8312,-1.7846,-0.4604,,,,,,,
155,2026-08-02T14:03:27.157000+00:00,16157,p01,A,1,calm_demo_001_curved,head_pose,sample,,,,,,,,0.0438,1.6,1.3,19.3778,-9.1928,1.9319,,,,,,,
156,2026-08-02T14:03:27.258000+00:00,16258,p01,A,1,calm_demo_001_curved,head_pose,sample,,,,,,,,0.0394,1.6,1.3,21.0215,-1.1067,2.0758,,,,,,,
157,2026-08-02T14:03:27.357000+00:00,16357,p01,A,1,calm_demo_001_curved,head_pose,sample,,,,,,,,0.0481,1.6,1.3,16.2877,2.3407,0.1555,,,,,,,
158,2026-08-02T14:03:27.456000+00:00,16456,p01,A,1,calm_demo_001_curved,head_pose,sample,,,,,,,,0.0443,1.6,1.3,13.7523,-1.1078,0.3503,,,,,,,
159,2026-08-02T14:03:27.558000+00:00,16558,p01,A,1,calm_demo_001_curved,head_pose,sample,,,,,,,,0.0393,1.6,1.3,28.1394,-0.9574,0.726,,,,,,,
160,2026-08-02T14:03:27.659000+00:00,16659,p01,A,1,calm_demo_001_curved,head_pose,sample,,,,,,,,0.0492,1.6,1.3,26.575,-5.0353,-0.5025,,,,,,,
161,2026-08-02T14:03:27.759000+00:00,16759,p01,A,1,calm_demo_001_curved,head_pose,sample,,,,,,,,0.0529,1.6,1.3,28.1593,-5.5732,1.2751,,,,,,,
162,2026-08-02T14:03:27.857000+00:00,16857,p01,A,1,calm_demo_001_curved,head_pose,sample,,,,,,,,0.0458,1.6,1.3,28.067,-11.3403,-0.4153,,,,,,,
163,2026-08-02T14:03:27.959000+00:00,16959,p01,A,1,calm_demo_001_curved,head_pose,sample,,,,,,,,0.0493,1.6,1.3,29.8843,1.623,-1.1641,,,,,,,
164,2026-08-02T14:03:28.059000+00:00,17059,p01,A,1,calm_demo_001_curved,head_pose,sample,,,,,,,,0.0511,1.6,1.3,32.2117,-6.4246,-0.4332,,,,,,,
165,2026-08-02T14:03:28.159000+00:00,17159,p01,A,1,calm_demo_001_curved,head_pose,sample,,,,,,,,0.0542,1.6,1.3,33.7291,-4.8133,-0.0669,,,,,,,
166,2026-08-02T14:03:28.258000+00:00,17258,p01,A,1,calm_demo_001_curved,head_pose,sample,,,,,,,,0.0551,1.6,1.3,36.302,-5.9834,0.8608,,,,,,,
167,2026-08-02T14:03:28.360000+00:00,17360,p01,A,1,calm_demo_001_curved,head_pose,sample,,,,,,,,0.0558,1.6,1.3,39.4249,-5.4429,2.5885,,,,,,,
168,2026-08-02T14:03:28.462000+00:00,17462,p01,A,1,calm_demo_001_curved,head_pose,sample,,,,,,,,0.0546,1.6,1.3,32.3219,0.254,-0.3034,,,,,,,
169,2026-08-02T14:03:28.563000+00:00,17563,p01,A,1,calm_demo_001_curved,head_pose,sample,,,,,,,,0.0496,1.6,1.3,42.2327,-0.8061,0.7174,,,,,,,
170,2026-08-02T14:03:28.661000+00:00,17661,p01,A,1,calm_demo_001_curved,head_pose,sample,,,,,,,,0.0487,1.6,1.3,41.1719,-0.5833,-2.2983,,,,,,,
171,2026-08-02T14:03:28.763000+00:00,17763,p01,A,1,calm_demo_001_curved,head_pose,sample,,,,,,,,0.052,1.6,1.3,44.9569,-8.1052,3.0147,,,,,,,
172,2026-08-02T14:03:28.863000+00:00,17863,p01,A,1,calm_demo_001_curved,head_pose,sample,,,,,,,,0.0499,1.6,1.3,45.2831,-4.2915,-2.8286,,,,,,,
173,2026-08-02T14:03:28.961000+00:00,17961,p01,A,1,calm_demo_001_curved,head_pose,sample,,,,,,,,0.0548,1.6,1.3,42.0744,1.4544,-1.3966,,,,,,,
174,2026-08-02T14:03:29.063000+00:00,18063,p01,A,1,calm_demo_001_curved,head_pose,sample,,,,,,,,0.0581,1.6,1.3,33.0205,-3.8699,1.4858,,,,,,,
175,2026-08-02T14:03:29.162000+00:00,18162,p01,A,1,calm_demo_001_curved,head_pose,sample,,,,,,,,0.059,1.6,1.3,33.7263,-2.6324,-0.4518,,,,,,,
176,2026-08-02T14:03:29.261000+00:00,18261,p01,A,1,calm_demo_001_curved,head_pose,sample,,,,,,,,0.0591,1.6,1.3,37.9745,-3.1314,-0.3921,,,,,,,
177,2026-08-02T14:03:29.359000+00:00,18359,p01,A,1,calm_demo_001_curved,head_pose,sample,,,,,,,,0.0659,1.6,1.3,45.6697,2.6104,1.2586,,,,,,,
178,2026-08-02T14:03:29.461000+00:00,18461,p01,A,1,calm_demo_001_curved,head_pose,sample,,,,,,,,0.0676,1.6,1.3,36.3121,-4.0201,-1.4677,,,,,,,
179,2026-08-02T14:03:29.561000+00:00,18561,p01,A,1,calm_demo_001_curved,head_pose,sample,,,,,,,,0.0737,1.6,1.3,39.8908,0.9527,-0.2861,,,,,,,
180,2026-08-02T14:03:29.659000+00:00,18659,p01,A,1,calm_demo_001_curved,head_pose,sample,,,,,,,,0.0761,1.6,1.3,45.1316,-4.0816,-0.7275,,,,,,,
181,2026-08-02T14:03:29.760000+00:00,18760,p01,A,1,calm_demo_001_curved,head_pose,sample,,,,,,,,0.0765,1.6,1.3,47.9063,-2.2267,0.2745,,,,,,,
182,2026-08-02T14:03:29.862000+00:00,18862,p01,A,1,calm_demo_001_curved,head_pose,sample,,,,,,,,0.0836,1.6,1.3,39.6612,-4.245,2.0676,,,,,,,
183,2026-08-02T14:03:29.962000+00:00,18962,p01,A,1,calm_demo_001_curved,head_pose,sample,,,,,,,,0.087,1.6,1.3,46.827,-1.4143,1.9872,,,,,,,
184,2026-08-02T14:03:30.060000+00:00,19060,p01,A,1,calm_demo_001_curved,head_pose,sample,,,,,,,,0.0831,1.6,1.3,47.9246,-2.6472,-0.0863,,,,,,,
185,2026-08-02T14:03:30.159000+00:00,19159,p01,A,1,calm_demo_001_curved,head_pose,sample,,,,,,,,0.0873,1.6,1.3,52.5786,0.5469,-3.0776,,,,,,,
186,2026-08-02T14:03:30.257000+00:00,19257,p01,A,1,calm_demo_001_curved,head_pose,sample,,,,,,,,0.0901,1.6,1.3,51.2126,-6.365,-1.2349,,,,,,,
187,2026-08-02T14:03:30.356000+00:00,19356,p01,A,1,calm_demo_001_curved,head_pose,sample,,,,,,,,0.0942,1.6,1.3,61.6573,-5.8074,-1.042,,,,,,,
188,2026-08-02T14:03:30.456000+00:00,19456,p01,A,1,calm_demo_001_curved,head_pose,sample,,,,,,,,0.0914,1.6,1.3,50.5425,-0.0717,-1.3398,,,,,,,
189,2026-08-02T14:03:30.554000+00:00,19554,p01,A,1,calm_demo_001_curved,head_pose,sample,,,,,,,,0.0889,1.6,1.3,68.1937,-1.4304,-0.5818,,,,,,,
190,2026-08-02T14:03:30.655000+00:00,19655,p01,A,1,calm_demo_001_curved,head_pose,sample,,,,,,,,0.0874,1.6,1.3,65.2496,-1.1586,-0.2966,,,,,,,
191,2026-08-02T14:03:30.757000+00:00,19757,p01,A,1,calm_demo_001_curved,head_pose,sample,,,,,,,,0.0849,1.6,1.3,53.2969,3.3243,0.0367,,,,,,,
192,2026-08-02T14:03:30.855000+00:00,19855,p01,A,1,calm_demo_001_curved,head_pose,sample,,,,,,,,0.0884,1.6,1.3,60.4003,-7.5696,1.4169,,,,,,,
193,2026-08-02T14:03:30.953000+00:00,19953,p01,A,1,calm_demo_001_curved,head_pose,sample,,,,,,,,0.09,1.6,1.3,70.0188,1.9802,-0.6873,,,,,,,
194,2026-08-02T14:03:31.052000+00:00,20052,p01,A,1,calm_demo_001_curved,head_pose,sample,,,,,,,,0.0961,1.6,1.3,69.5782,1.2962,3.9998,,,,,,,
195,2026-08-02T14:03:31.153000+00:00,20153,p01,A,1,calm_demo_001_curved,head_pose,sample,,,,,,,,0.0944,1.6,1.3,61.3884,-3.4158,1.0146,,,,,,,
196,2026-08-02T14:03:31.254000+00:00,20254,p01,A,1,calm_demo_001_curved,head_pose,sample,,,,,,,,0.0982,1.6,1.3,53.0619,1.1643,1.8155,,,,,,,
197,2026-08-02T14:03:31.352000+00:00,20352,p01,A,1,calm_demo_001_curved,head_pose,sample,,,,,,,,0.1009,1.6,1.3,55.1512,-5.1227,0.6309,,,,,,,
198,2026-08-02T14:03:31.450000+00:00,20450,p01,A,1,calm_demo_001_curved,head_pose,sample,,,,,,,,0.1041,1.6,1.3,56.4944,-3.5487,-1.6811,,,,,,,
199,2026-08-02T14:03:31.551000+00:00,20551,p01,A,1,calm_demo_001_curved,head_pose,sample,,,,,,,,0.1098,1.6,1.3,49.2604,-4.436,0.7492,,,,,,,
200,2026-08-02T14:03:31.653000+00:00,20653,p01,A,1,calm_demo_001_curved,head_pose,sample,,,,,,,,0.1081,1.6,1.3,60.4668,-6.3455,-0.4693,,,,,,,
201,2026-08-02T14:03:31.755000+00:00,20755,p01,A,1,calm_demo_001_curved,head_pose,sample,,,,,,,,0.1202,1.6,1.3,70.1119,-5.5096,-0.7976,,,,,,,
202,2026-08-02T14:03:31.856000+00:00,20856,p01,A,1,calm_demo_001_curved,head_pose,sample,,,,,,,,0.1109,1.6,1.3,70.7579,0.1043,-0.1405,,,,,,,
203,2026-08-02T14:03:31.956000+00:00,20956,p01,A,1,calm_demo_001_curved,head_pose,sample,,,,,,,,0.1099,1.6,1.3,63.639,-4.0056,0.7542,,,,,,,
204,2026-08-02T14:03:32.055000+00:00,21055,p01,A,1,calm_demo_001_curved,head_pose,sample,,,,,,,,0.1094,1.6,1.3,68.4432,-7.0451,-1.0632,,,,,,,
205,2026-08-02T14:03:32.156000+00:00,21156,p01,A,1,calm_demo_001_curved,head_pose,sample,,,,,,,,0.1099,1.6,1.3,66.7799,-4.5977,0.3215,,,,,,,
206,2026-08-02T14:03:32.254000+00:00,21254,p01,A,1,calm_demo_001_curved,room_hidden,"hidden before the grid, so the room is rated from memory not sight",,,,,,,,,,,,,,,,,,20014,,
207,2026-08-02T14:03:32.411000+00:00,21411,p01,A,1,calm_demo_001_curved,grid_shown,,,,,,,,,,,,,,,,,,,,,
208,2026-08-02T14:03:33.294000+00:00,22294,p01,A,1,calm_demo_001_curved,grid_hover,,,,,,,,,,,,,,,0.2526,-0.1566,5,5,,,
209,2026-08-02T14:03:34.608000+00:00,23608,p01,A,1,calm_demo_001_curved,grid_hover,,,,,,,,,,,,,,,-0.0106,-0.2026,6,4,,,
210,2026-08-02T14:03:34.928000+00:00,23928,p01,A,1,calm_demo_001_curved,grid_hover,,,,,,,,,,,,,,,0.0328,0.0369,6,3,,,
211,2026-08-02T14:03:35.917000+00:00,24917,p01,A,1,calm_demo_001_curved,grid_hover,,,,,,,,,,,,,,,0.2517,-0.3847,7,3,,,
212,2026-08-02T14:03:37.247000+00:00,26247,p01,A,1,calm_demo_001_curved,grid_hover,,,,,,,,,,,,,,,0.2147,0.1465,7,4,,,
213,2026-08-02T14:03:38.389000+00:00,27389,p01,A,1,calm_demo_001_curved,grid_hover,,,,,,,,,,,,,,,0.3662,0.088,7,3,,,
214,2026-08-02T14:03:38.770000+00:00,27770,p01,A,1,calm_demo_001_curved,grid_selected,dwell_ms=5473,,,,,,,,,,,,,,0.1132,-0.2041,7,3,,,
215,2026-08-02T14:03:38.818000+00:00,27818,p01,A,1,calm_demo_001_curved,grid_hidden,response committed,,,,,,,,,,,,,,,,7,3,,,
216,2026-08-02T14:03:38.898000+00:00,27898,p01,A,1,calm_demo_001_curved,trial_end,,,,,,,,,,,,,,,,,,,,,
217,2026-08-02T14:03:38.954000+00:00,27954,p01,A,1,calm_demo_001_curved,transition_start,,,,,,,,,,,,,,,,,,,,,
218,2026-08-02T14:03:53.954000+00:00,42954,p01,A,1,calm_demo_001_curved,transition_end,,,,,,,,,,,,,,,,,,,,,
219,2026-08-02T14:03:54.147000+00:00,43147,p01,A,2,depressed_demo_001_linear,trial_start,,depressed,linear,depressed_demo_001,240,0.2,30,textile,,,,,,,,,,,,,
220,2026-08-02T14:03:54.207000+00:00,43207,p01,A,2,depressed_demo_001_linear,room_shown,exposure begins,depressed,linear,depressed_demo_001,240,0.2,30,textile,,,,,,,,,,,,,
221,2026-08-02T14:03:54.297000+00:00,43297,p01,A,2,depressed_demo_001_linear,head_pose,sample,,,,,,,,0.1079,1.6,1.3,65.7438,-2.8965,0.6127,,,,,,,
222,2026-08-02T14:03:54.395000+00:00,43395,p01,A,2,depressed_demo_001_linear,head_pose,sample,,,,,,,,0.1091,1.6,1.3,67.7945,-2.4248,0.9862,,,,,,,
223,2026-08-02T14:03:54.496000+00:00,43496,p01,A,2,depressed_demo_001_linear,head_pose,sample,,,,,,,,0.1039,1.6,1.3,60.6535,4.4366,2.3671,,,,,,,
224,2026-08-02T14:03:54.596000+00:00,43596,p01,A,2,depressed_demo_001_linear,head_pose,sample,,,,,,,,0.1094,1.6,1.3,55.3587,0.3361,-1.8057,,,,,,,
225,2026-08-02T14:03:54.696000+00:00,43696,p01,A,2,depressed_demo_001_linear,head_pose,sample,,,,,,,,0.1095,1.6,1.3,64.201,-2.8465,-0.4494,,,,,,,
226,2026-08-02T14:03:54.794000+00:00,43794,p01,A,2,depressed_demo_001_linear,head_pose,sample,,,,,,,,0.1147,1.6,1.3,60.9352,-1.4415,0.7187,,,,,,,
227,2026-08-02T14:03:54.896000+00:00,43896,p01,A,2,depressed_demo_001_linear,head_pose,sample,,,,,,,,0.1163,1.6,1.3,63.9459,-7.0115,-0.557,,,,,,,
228,2026-08-02T14:03:54.994000+00:00,43994,p01,A,2,depressed_demo_001_linear,head_pose,sample,,,,,,,,0.1145,1.6,1.3,60.4756,3.0805,-0.3031,,,,,,,
229,2026-08-02T14:03:55.092000+00:00,44092,p01,A,2,depressed_demo_001_linear,head_pose,sample,,,,,,,,0.1188,1.6,1.3,55.3039,-0.0194,0.1031,,,,,,,
230,2026-08-02T14:03:55.191000+00:00,44191,p01,A,2,depressed_demo_001_linear,head_pose,sample,,,,,,,,0.1149,1.6,1.3,56.8499,-6.5786,4.2585,,,,,,,
231,2026-08-02T14:03:55.289000+00:00,44289,p01,A,2,depressed_demo_001_linear,head_pose,sample,,,,,,,,0.1171,1.6,1.3,51.5411,4.7566,1.5185,,,,,,,
232,2026-08-02T14:03:55.389000+00:00,44389,p01,A,2,depressed_demo_001_linear,head_pose,sample,,,,,,,,0.1132,1.6,1.3,55.1493,-11.6705,1.7728,,,,,,,
233,2026-08-02T14:03:55.491000+00:00,44491,p01,A,2,depressed_demo_001_linear,head_pose,sample,,,,,,,,0.1162,1.6,1.3,63.846,-0.502,4.0134,,,,,,,
234,2026-08-02T14:03:55.589000+00:00,44589,p01,A,2,depressed_demo_001_linear,head_pose,sample,,,,,,,,0.12,1.6,1.3,65.6584,-1.3998,1.5511,,,,,,,
235,2026-08-02T14:03:55.689000+00:00,44689,p01,A,2,depressed_demo_001_linear,head_pose,sample,,,,,,,,0.1234,1.6,1.3,73.3167,-2.1988,-0.873,,,,,,,
236,2026-08-02T14:03:55.790000+00:00,44790,p01,A,2,depressed_demo_001_linear,head_pose,sample,,,,,,,,0.1226,1.6,1.3,76.8155,-1.8521,-0.7207,,,,,,,
237,2026-08-02T14:03:55.890000+00:00,44890,p01,A,2,depressed_demo_001_linear,head_pose,sample,,,,,,,,0.1219,1.6,1.3,65.0258,-0.5215,-1.0212,,,,,,,
238,2026-08-02T14:03:55.989000+00:00,44989,p01,A,2,depressed_demo_001_linear,head_pose,sample,,,,,,,,0.1238,1.6,1.3,66.7239,-2.9944,0.104,,,,,,,
239,2026-08-02T14:03:56.090000+00:00,45090,p01,A,2,depressed_demo_001_linear,head_pose,sample,,,,,,,,0.128,1.6,1.3,61.2195,0.0728,2.2536,,,,,,,
240,2026-08-02T14:03:56.191000+00:00,45191,p01,A,2,depressed_demo_001_linear,head_pose,sample,,,,,,,,0.1302,1.6,1.3,56.4234,2.5958,0.0298,,,,,,,
241,2026-08-02T14:03:56.289000+00:00,45289,p01,A,2,depressed_demo_001_linear,head_pose,sample,,,,,,,,0.1298,1.6,1.3,59.3872,-6.564,1.2449,,,,,,,
242,2026-08-02T14:03:56.389000+00:00,45389,p01,A,2,depressed_demo_001_linear,head_pose,sample,,,,,,,,0.1254,1.6,1.3,51.5613,1.6315,-0.3378,,,,,,,
243,2026-08-02T14:03:56.487000+00:00,45487,p01,A,2,depressed_demo_001_linear,head_pose,sample,,,,,,,,0.1299,1.6,1.3,43.0551,-5.425,0.1309,,,,,,,
244,2026-08-02T14:03:56.586000+00:00,45586,p01,A,2,depressed_demo_001_linear,head_pose,sample,,,,,,,,0.1215,1.6,1.3,41.5508,-10.5627,-0.4652,,,,,,,
245,2026-08-02T14:03:56.686000+00:00,45686,p01,A,2,depressed_demo_001_linear,head_pose,sample,,,,,,,,0.1251,1.6,1.3,44.8506,6.8004,1.4249,,,,,,,
246,2026-08-02T14:03:56.787000+00:00,45787,p01,A,2,depressed_demo_001_linear,head_pose,sample,,,,,,,,0.1301,1.6,1.3,48.657,-0.0021,1.9754,,,,,,,
247,2026-08-02T14:03:56.886000+00:00,45886,p01,A,2,depressed_demo_001_linear,head_pose,sample,,,,,,,,0.1273,1.6,1.3,38.9491,-7.347,-2.1058,,,,,,,
248,2026-08-02T14:03:56.986000+00:00,45986,p01,A,2,depressed_demo_001_linear,head_pose,sample,,,,,,,,0.1306,1.6,1.3,30.2217,-0.9256,0.5039,,,,,,,
249,2026-08-02T14:03:57.087000+00:00,46087,p01,A,2,depressed_demo_001_linear,head_pose,sample,,,,,,,,0.1249,1.6,1.3,31.6517,-3.7394,-0.5525,,,,,,,
250,2026-08-02T14:03:57.185000+00:00,46185,p01,A,2,depressed_demo_001_linear,head_pose,sample,,,,,,,,0.1197,1.6,1.3,43.2191,-5.0964,0.5488,,,,,,,
251,2026-08-02T14:03:57.284000+00:00,46284,p01,A,2,depressed_demo_001_linear,head_pose,sample,,,,,,,,0.1232,1.6,1.3,40.9054,-7.0302,2.9141,,,,,,,
252,2026-08-02T14:03:57.384000+00:00,46384,p01,A,2,depressed_demo_001_linear,head_pose,sample,,,,,,,,0.1246,1.6,1.3,37.4467,-1.2338,1.9236,,,,,,,
253,2026-08-02T14:03:57.486000+00:00,46486,p01,A,2,depressed_demo_001_linear,head_pose,sample,,,,,,,,0.1233,1.6,1.3,45.8022,-3.541,0.6443,,,,,,,
254,2026-08-02T14:03:57.584000+00:00,46584,p01,A,2,depressed_demo_001_linear,head_pose,sample,,,,,,,,0.1293,1.6,1.3,55.0242,-3.7752,2.0724,,,,,,,
255,2026-08-02T14:03:57.684000+00:00,46684,p01,A,2,depressed_demo_001_linear,head_pose,sample,,,,,,,,0.1264,1.6,1.3,55.1783,-3.0457,-3.2916,,,,,,,
256,2026-08-02T14:03:57.783000+00:00,46783,p01,A,2,depressed_demo_001_linear,head_pose,sample,,,,,,,,0.1241,1.6,1.3,55.5772,1.8733,1.5765,,,,,,,
257,2026-08-02T14:03:57.883000+00:00,46883,p01,A,2,depressed_demo_001_linear,head_pose,sample,,,,,,,,0.1253,1.6,1.3,45.8469,0.1454,-1.1403,,,,,,,
258,2026-08-02T14:03:57.985000+00:00,46985,p01,A,2,depressed_demo_001_linear,head_pose,sample,,,,,,,,0.1306,1.6,1.3,49.4504,1.9985,-1.3155,,,,,,,
259,2026-08-02T14:03:58.084000+00:00,47084,p01,A,2,depressed_demo_001_linear,head_pose,sample,,,,,,,,0.1312,1.6,1.3,48.2773,-1.138,0.0263,,,,,,,
260,2026-08-02T14:03:58.182000+00:00,47182,p01,A,2,depressed_demo_001_linear,head_pose,sample,,,,,,,,0.1369,1.6,1.3,45.2733,3.7395,0.6065,,,,,,,
261,2026-08-02T14:03:58.281000+00:00,47281,p01,A,2,depressed_demo_001_linear,head_pose,sample,,,,,,,,0.1408,1.6,1.3,47.6432,2.1119,1.1537,,,,,,,
262,2026-08-02T14:03:58.379000+00:00,47379,p01,A,2,depressed_demo_001_linear,head_pose,sample,,,,,,,,0.1389,1.6,1.3,44.4878,-4.2314,-0.6084,,,,,,,
263,2026-08-02T14:03:58.481000+00:00,47481,p01,A,2,depressed_demo_001_linear,head_pose,sample,,,,,,,,0.1424,1.6,1.3,50.4738,-5.8911,-0.5303,,,,,,,
264,2026-08-02T14:03:58.580000+00:00,47580,p01,A,2,depressed_demo_001_linear,head_pose,sample,,,,,,,,0.1384,1.6,1.3,43.0669,-0.8657,-0.8857,,,,,,,
265,2026-08-02T14:03:58.682000+00:00,47682,p01,A,2,depressed_demo_001_linear,head_pose,sample,,,,,,,,0.1404,1.6,1.3,51.6272,-4.3587,0.2352,,,,,,,
266,2026-08-02T14:03:58.782000+00:00,47782,p01,A,2,depressed_demo_001_linear,head_pose,sample,,,,,,,,0.1357,1.6,1.3,53.1085,-6.6217,-1.2778,,,,,,,
267,2026-08-02T14:03:58.880000+00:00,47880,p01,A,2,depressed_demo_001_linear,head_pose,sample,,,,,,,,0.1382,1.6,1.3,58.6416,-5.1537,2.3813,,,,,,,
268,2026-08-02T14:03:58.979000+00:00,47979,p01,A,2,depressed_demo_001_linear,head_pose,sample,,,,,,,,0.1377,1.6,1.3,56.5732,-2.056,1.379,,,,,,,
269,2026-08-02T14:03:59.081000+00:00,48081,p01,A,2,depressed_demo_001_linear,head_pose,sample,,,,,,,,0.1378,1.6,1.3,68.3381,2.519,2.6662,,,,,,,
270,2026-08-02T14:03:59.182000+00:00,48182,p01,A,2,depressed_demo_001_linear,head_pose,sample,,,,,,,,0.1371,1.6,1.3,66.27,-2.7281,-1.192,,,,,,,
271,2026-08-02T14:03:59.280000+00:00,48280,p01,A,2,depressed_demo_001_linear,head_pose,sample,,,,,,,,0.1409,1.6,1.3,61.6185,0.9248,-0.1399,,,,,,,
272,2026-08-02T14:03:59.381000+00:00,48381,p01,A,2,depressed_demo_001_linear,head_pose,sample,,,,,,,,0.1359,1.6,1.3,61.4959,-3.3474,1.5304,,,,,,,
273,2026-08-02T14:03:59.480000+00:00,48480,p01,A,2,depressed_demo_001_linear,head_pose,sample,,,,,,,,0.1408,1.6,1.3,68.7572,-8.3407,-0.1133,,,,,,,
274,2026-08-02T14:03:59.582000+00:00,48582,p01,A,2,depressed_demo_001_linear,head_pose,sample,,,,,,,,0.1375,1.6,1.3,69.6,-3.2013,2.5977,,,,,,,
275,2026-08-02T14:03:59.683000+00:00,48683,p01,A,2,depressed_demo_001_linear,head_pose,sample,,,,,,,,0.136,1.6,1.3,78.5755,-2.263,0.8856,,,,,,,
276,2026-08-02T14:03:59.781000+00:00,48781,p01,A,2,depressed_demo_001_linear,head_pose,sample,,,,,,,,0.1379,1.6,1.3,89.5439,3.8274,-3.0614,,,,,,,
277,2026-08-02T14:03:59.883000+00:00,48883,p01,A,2,depressed_demo_001_linear,head_pose,sample,,,,,,,,0.1354,1.6,1.3,99.6301,-4.299,0.2034,,,,,,,
278,2026-08-02T14:03:59.982000+00:00,48982,p01,A,2,depressed_demo_001_linear,head_pose,sample,,,,,,,,0.1356,1.6,1.3,101.0622,-3.6987,-1.0211,,,,,,,
279,2026-08-02T14:04:00.084000+00:00,49084,p01,A,2,depressed_demo_001_linear,head_pose,sample,,,,,,,,0.1308,1.6,1.3,94.0301,-6.8218,-0.2179,,,,,,,
280,2026-08-02T14:04:00.183000+00:00,49183,p01,A,2,depressed_demo_001_linear,head_pose,sample,,,,,,,,0.1326,1.6,1.3,83.2191,-0.945,0.9585,,,,,,,
281,2026-08-02T14:04:00.284000+00:00,49284,p01,A,2,depressed_demo_001_linear,head_pose,sample,,,,,,,,0.1341,1.6,1.3,86.5241,-3.4317,1.6582,,,,,,,
282,2026-08-02T14:04:00.385000+00:00,49385,p01,A,2,depressed_demo_001_linear,head_pose,sample,,,,,,,,0.1327,1.6,1.3,91.536,-7.0329,-0.396,,,,,,,
283,2026-08-02T14:04:00.486000+00:00,49486,p01,A,2,depressed_demo_001_linear,head_pose,sample,,,,,,,,0.1285,1.6,1.3,97.8584,-0.6435,-0.1506,,,,,,,
284,2026-08-02T14:04:00.585000+00:00,49585,p01,A,2,depressed_demo_001_linear,head_pose,sample,,,,,,,,0.1291,1.6,1.3,94.3047,-2.3966,1.7111,,,,,,,
285,2026-08-02T14:04:00.683000+00:00,49683,p01,A,2,depressed_demo_001_linear,head_pose,sample,,,,,,,,0.1256,1.6,1.3,84.594,-2.4829,-1.5905,,,,,,,
286,2026-08-02T14:04:00.783000+00:00,49783,p01,A,2,depressed_demo_001_linear,head_pose,sample,,,,,,,,0.1247,1.6,1.3,83.437,-5.5578,0.4996,,,,,,,
287,2026-08-02T14:04:00.884000+00:00,49884,p01,A,2,depressed_demo_001_linear,head_pose,sample,,,,,,,,0.123,1.6,1.3,92.0624,3.0902,1.5857,,,,,,,
288,2026-08-02T14:04:00.984000+00:00,49984,p01,A,2,depressed_demo_001_linear,head_pose,sample,,,,,,,,0.1326,1.6,1.3,93.3643,1.5684,-1.1599,,,,,,,
289,2026-08-02T14:04:01.085000+00:00,50085,p01,A,2,depressed_demo_001_linear,head_pose,sample,,,,,,,,0.1329,1.6,1.3,96.587,-8.6235,-0.8956,,,,,,,
290,2026-08-02T14:04:01.187000+00:00,50187,p01,A,2,depressed_demo_001_linear,head_pose,sample,,,,,,,,0.1298,1.6,1.3,100.5973,-6.3363,-0.5762,,,,,,,
291,2026-08-02T14:04:01.288000+00:00,50288,p01,A,2,depressed_demo_001_linear,head_pose,sample,,,,,,,,0.1325,1.6,1.3,90.1992,-3.9708,1.6437,,,,,,,
292,2026-08-02T14:04:01.387000+00:00,50387,p01,A,2,depressed_demo_001_linear,head_pose,sample,,,,,,,,0.1333,1.6,1.3,87.4277,-6.9204,-0.0074,,,,,,,
293,2026-08-02T14:04:01.489000+00:00,50489,p01,A,2,depressed_demo_001_linear,head_pose,sample,,,,,,,,0.1353,1.6,1.3,96.1722,-2.8929,1.4766,,,,,,,
294,2026-08-02T14:04:01.588000+00:00,50588,p01,A,2,depressed_demo_001_linear,head_pose,sample,,,,,,,,0.1336,1.6,1.3,95.3947,-1.6354,-1.4603,,,,,,,
295,2026-08-02T14:04:01.686000+00:00,50686,p01,A,2,depressed_demo_001_linear,head_pose,sample,,,,,,,,0.1373,1.6,1.3,89.4809,-3.8008,-1.538,,,,,,,
296,2026-08-02T14:04:01.785000+00:00,50785,p01,A,2,depressed_demo_001_linear,head_pose,sample,,,,,,,,0.1343,1.6,1.3,91.9906,-10.8781,-0.0759,,,,,,,
297,2026-08-02T14:04:01.884000+00:00,50884,p01,A,2,depressed_demo_001_linear,head_pose,sample,,,,,,,,0.1299,1.6,1.3,86.3427,-6.6968,-0.2926,,,,,,,
298,2026-08-02T14:04:01.986000+00:00,50986,p01,A,2,depressed_demo_001_linear,head_pose,sample,,,,,,,,0.1303,1.6,1.3,94.6473,-6.0934,-0.8562,,,,,,,
299,2026-08-02T14:04:02.087000+00:00,51087,p01,A,2,depressed_demo_001_linear,head_pose,sample,,,,,,,,0.123,1.6,1.3,102.6069,0.8891,-0.9816,,,,,,,
300,2026-08-02T14:04:02.189000+00:00,51189,p01,A,2,depressed_demo_001_linear,head_pose,sample,,,,,,,,0.1213,1.6,1.3,93.6395,0.7531,2.4369,,,,,,,
301,2026-08-02T14:04:02.291000+00:00,51291,p01,A,2,depressed_demo_001_linear,head_pose,sample,,,,,,,,0.1159,1.6,1.3,90.2562,-5.3807,0.3459,,,,,,,
302,2026-08-02T14:04:02.392000+00:00,51392,p01,A,2,depressed_demo_001_linear,head_pose,sample,,,,,,,,0.1136,1.6,1.3,89.3354,-4.5868,0.1201,,,,,,,
303,2026-08-02T14:04:02.492000+00:00,51492,p01,A,2,depressed_demo_001_linear,head_pose,sample,,,,,,,,0.1135,1.6,1.3,91.8285,-5.5908,0.072,,,,,,,
304,2026-08-02T14:04:02.592000+00:00,51592,p01,A,2,depressed_demo_001_linear,head_pose,sample,,,,,,,,0.1218,1.6,1.3,88.1078,0.1054,-1.1795,,,,,,,
305,2026-08-02T14:04:02.693000+00:00,51693,p01,A,2,depressed_demo_001_linear,head_pose,sample,,,,,,,,0.1174,1.6,1.3,89.3081,3.9564,-1.3929,,,,,,,
306,2026-08-02T14:04:02.791000+00:00,51791,p01,A,2,depressed_demo_001_linear,head_pose,change,,,,,,,,0.1174,1.6,1.3,120.3081,-4.2,0.9,,,,,,,
307,2026-08-02T14:04:02.827000+00:00,51827,p01,A,2,depressed_demo_001_linear,head_pose,sample,,,,,,,,0.1077,1.6,1.3,81.0622,-3.0604,-0.7879,,,,,,,
308,2026-08-02T14:04:02.928000+00:00,51928,p01,A,2,depressed_demo_001_linear,head_pose,sample,,,,,,,,0.103,1.6,1.3,83.7211,-2.1874,1.1182,,,,,,,
309,2026-08-02T14:04:03.026000+00:00,52026,p01,A,2,depressed_demo_001_linear,head_pose,sample,,,,,,,,0.1001,1.6,1.3,84.0052,-4.868,-4.776,,,,,,,
310,2026-08-02T14:04:03.128000+00:00,52128,p01,A,2,depressed_demo_001_linear,head_pose,sample,,,,,,,,0.0956,1.6,1.3,86.4299,2.9957,1.4371,,,,,,,
311,2026-08-02T14:04:03.230000+00:00,52230,p01,A,2,depressed_demo_001_linear,head_pose,sample,,,,,,,,0.1037,1.6,1.3,96.0194,7.7172,0.5549,,,,,,,
312,2026-08-02T14:04:03.328000+00:00,52328,p01,A,2,depressed_demo_001_linear,head_pose,sample,,,,,,,,0.1042,1.6,1.3,94.5259,-5.1477,-0.9204,,,,,,,
313,2026-08-02T14:04:03.430000+00:00,52430,p01,A,2,depressed_demo_001_linear,head_pose,sample,,,,,,,,0.1104,1.6,1.3,83.48,-3.7511,-0.9538,,,,,,,
314,2026-08-02T14:04:03.531000+00:00,52531,p01,A,2,depressed_demo_001_linear,head_pose,sample,,,,,,,,0.0997,1.6,1.3,84.0253,-4.7002,-0.4131,,,,,,,
315,2026-08-02T14:04:03.633000+00:00,52633,p01,A,2,depressed_demo_001_linear,head_pose,sample,,,,,,,,0.1014,1.6,1.3,89.1674,-3.0949,0.959,,,,,,,
316,2026-08-02T14:04:03.733000+00:00,52733,p01,A,2,depressed_demo_001_linear,head_pose,sample,,,,,,,,0.1028,1.6,1.3,93.078,2.7268,-0.5743,,,,,,,
317,2026-08-02T14:04:03.831000+00:00,52831,p01,A,2,depressed_demo_001_linear,head_pose,sample,,,,,,,,0.1001,1.6,1.3,89.3417,-4.2119,-2.7302,,,,,,,
318,2026-08-02T14:04:03.932000+00:00,52932,p01,A,2,depressed_demo_001_linear,head_pose,sample,,,,,,,,0.1033,1.6,1.3,80.1857,-1.8817,-0.2014,,,,,,,
319,2026-08-02T14:04:04.034000+00:00,53034,p01,A,2,depressed_demo_001_linear,head_pose,sample,,,,,,,,0.1039,1.6,1.3,77.7765,-3.3871,-0.2948,,,,,,,
320,2026-08-02T14:04:04.133000+00:00,53133,p01,A,2,depressed_demo_001_linear,head_pose,sample,,,,,,,,0.0954,1.6,1.3,76.9417,2.1505,0.0469,,,,,,,
321,2026-08-02T14:04:04.233000+00:00,53233,p01,A,2,depressed_demo_001_linear,head_pose,sample,,,,,,,,0.0938,1.6,1.3,76.72,-8.596,-0.8032,,,,,,,
322,2026-08-02T14:04:04.333000+00:00,53333,p01,A,2,depressed_demo_001_linear,head_pose,sample,,,,,,,,0.1003,1.6,1.3,73.8735,-3.9863,2.3142,,,,,,,
323,2026-08-02T14:04:04.431000+00:00,53431,p01,A,2,depressed_demo_001_linear,head_pose,sample,,,,,,,,0.095,1.6,1.3,81.3787,-5.101,1.8767,,,,,,,
324,2026-08-02T14:04:04.532000+00:00,53532,p01,A,2,depressed_demo_001_linear,head_pose,sample,,,,,,,,0.0985,1.6,1.3,81.4677,-5.9888,-1.0484,,,,,,,
325,2026-08-02T14:04:04.630000+00:00,53630,p01,A,2,depressed_demo_001_linear,head_pose,sample,,,,,,,,0.0883,1.6,1.3,86.4562,-0.1954,-0.4506,,,,,,,
326,2026-08-02T14:04:04.729000+00:00,53729,p01,A,2,depressed_demo_001_linear,head_pose,sample,,,,,,,,0.0877,1.6,1.3,86.5972,-6.2457,-0.8279,,,,,,,
327,2026-08-02T14:04:04.830000+00:00,53830,p01,A,2,depressed_demo_001_linear,head_pose,sample,,,,,,,,0.0868,1.6,1.3,92.5433,-0.1161,-0.8731,,,,,,,
328,2026-08-02T14:04:04.928000+00:00,53928,p01,A,2,depressed_demo_001_linear,head_pose,sample,,,,,,,,0.0903,1.6,1.3,98.0995,-9.9801,0.2215,,,,,,,
329,2026-08-02T14:04:05.029000+00:00,54029,p01,A,2,depressed_demo_001_linear,head_pose,sample,,,,,,,,0.0823,1.6,1.3,92.3823,-4.0281,0.9361,,,,,,,
330,2026-08-02T14:04:05.128000+00:00,54128,p01,A,2,depressed_demo_001_linear,head_pose,sample,,,,,,,,0.0749,1.6,1.3,103.0585,-1.4249,0.7492,,,,,,,
331,2026-08-02T14:04:05.227000+00:00,54227,p01,A,2,depressed_demo_001_linear,head_pose,sample,,,,,,,,0.0724,1.6,1.3,104.2061,-3.7373,-0.1549,,,,,,,
332,2026-08-02T14:04:05.329000+00:00,54329,p01,A,2,depressed_demo_001_linear,head_pose,sample,,,,,,,,0.0736,1.6,1.3,115.664,-8.9518,2.1697,,,,,,,
333,2026-08-02T14:04:05.431000+00:00,54431,p01,A,2,depressed_demo_001_linear,head_pose,sample,,,,,,,,0.0755,1.6,1.3,102.843,-6.2717,1.6928,,,,,,,
334,2026-08-02T14:04:05.533000+00:00,54533,p01,A,2,depressed_demo_001_linear,head_pose,sample,,,,,,,,0.0704,1.6,1.3,99.5502,-2.4055,-0.6056,,,,,,,
335,2026-08-02T14:04:05.632000+00:00,54632,p01,A,2,depressed_demo_001_linear,head_pose,sample,,,,,,,,0.066,1.6,1.3,98.7454,-3.5272,-0.784,,,,,,,
336,2026-08-02T14:04:05.733000+00:00,54733,p01,A,2,depressed_demo_001_linear,head_pose,sample,,,,,,,,0.0704,1.6,1.3,105.9278,-3.1133,2.606,,,,,,,
337,2026-08-02T14:04:05.831000+00:00,54831,p01,A,2,depressed_demo_001_linear,head_pose,sample,,,,,,,,0.0757,1.6,1.3,109.0317,5.7718,-1.0055,,,,,,,
338,2026-08-02T14:04:05.932000+00:00,54932,p01,A,2,depressed_demo_001_linear,head_pose,sample,,,,,,,,0.079,1.6,1.3,101.7662,2.737,0.3563,,,,,,,
339,2026-08-02T14:04:06.030000+00:00,55030,p01,A,2,depressed_demo_001_linear,head_pose,sample,,,,,,,,0.0752,1.6,1.3,105.1553,-9.4714,3.2403,,,,,,,
340,2026-08-02T14:04:06.132000+00:00,55132,p01,A,2,depressed_demo_001_linear,head_pose,sample,,,,,,,,0.0752,1.6,1.3,101.4552,-2.4888,2.6891,,,,,,,
341,2026-08-02T14:04:06.230000+00:00,55230,p01,A,2,depressed_demo_001_linear,head_pose,sample,,,,,,,,0.0751,1.6,1.3,99.8283,-2.0922,0.321,,,,,,,
342,2026-08-02T14:04:06.329000+00:00,55329,p01,A,2,depressed_demo_001_linear,head_pose,sample,,,,,,,,0.0806,1.6,1.3,96.4091,-8.2692,-0.0291,,,,,,,
343,2026-08-02T14:04:06.429000+00:00,55429,p01,A,2,depressed_demo_001_linear,head_pose,sample,,,,,,,,0.0817,1.6,1.3,90.821,-1.0561,-1.3335,,,,,,,
344,2026-08-02T14:04:06.527000+00:00,55527,p01,A,2,depressed_demo_001_linear,head_pose,sample,,,,,,,,0.086,1.6,1.3,81.4141,-4.7173,0.3365,,,,,,,
345,2026-08-02T14:04:06.625000+00:00,55625,p01,A,2,depressed_demo_001_linear,head_pose,sample,,,,,,,,0.0806,1.6,1.3,81.1688,-3.6228,-2.1958,,,,,,,
346,2026-08-02T14:04:06.724000+00:00,55724,p01,A,2,depressed_demo_001_linear,head_pose,sample,,,,,,,,0.0765,1.6,1.3,79.6751,-2.2658,-3.0209,,,,,,,
347,2026-08-02T14:04:06.826000+00:00,55826,p01,A,2,depressed_demo_001_linear,head_pose,sample,,,,,,,,0.0771,1.6,1.3,77.6381,-1.0627,-0.7157,,,,,,,
348,2026-08-02T14:04:06.928000+00:00,55928,p01,A,2,depressed_demo_001_linear,head_pose,sample,,,,,,,,0.0774,1.6,1.3,69.0449,-6.775,0.7128,,,,,,,
349,2026-08-02T14:04:07.030000+00:00,56030,p01,A,2,depressed_demo_001_linear,head_pose,sample,,,,,,,,0.0758,1.6,1.3,67.6005,-1.5714,1.3232,,,,,,,
350,2026-08-02T14:04:07.132000+00:00,56132,p01,A,2,depressed_demo_001_linear,head_pose,sample,,,,,,,,0.0667,1.6,1.3,65.7642,-2.8851,0.9001,,,,,,,
351,2026-08-02T14:04:07.234000+00:00,56234,p01,A,2,depressed_demo_001_linear,head_pose,sample,,,,,,,,0.0616,1.6,1.3,67.8822,3.918,1.4162,,,,,,,
352,2026-08-02T14:04:07.334000+00:00,56334,p01,A,2,depressed_demo_001_linear,head_pose,sample,,,,,,,,0.0624,1.6,1.3,64.461,-4.1752,1.996,,,,,,,
353,2026-08-02T14:04:07.434000+00:00,56434,p01,A,2,depressed_demo_001_linear,head_pose,sample,,,,,,,,0.0563,1.6,1.3,66.0725,-5.4601,0.8171,,,,,,,
354,2026-08-02T14:04:07.536000+00:00,56536,p01,A,2,depressed_demo_001_linear,head_pose,sample,,,,,,,,0.0593,1.6,1.3,66.2461,-2.929,-0.3288,,,,,,,
355,2026-08-02T14:04:07.637000+00:00,56637,p01,A,2,depressed_demo_001_linear,head_pose,sample,,,,,,,,0.0551,1.6,1.3,70.8568,-6.5579,-1.3403,,,,,,,
356,2026-08-02T14:04:07.737000+00:00,56737,p01,A,2,depressed_demo_001_linear,head_pose,sample,,,,,,,,0.0457,1.6,1.3,75.3218,-0.9336,1.3946,,,,,,,
357,2026-08-02T14:04:07.838000+00:00,56838,p01,A,2,depressed_demo_001_linear,head_pose,sample,,,,,,,,0.0441,1.6,1.3,70.3526,-0.6841,1.2838,,,,,,,
358,2026-08-02T14:04:07.937000+00:00,56937,p01,A,2,depressed_demo_001_linear,head_pose,sample,,,,,,,,0.0469,1.6,1.3,77.3675,-3.715,0.7357,,,,,,,
359,2026-08-02T14:04:08.038000+00:00,57038,p01,A,2,depressed_demo_001_linear,head_pose,sample,,,,,,,,0.0446,1.6,1.3,72.0785,-4.1574,0.2252,,,,,,,
360,2026-08-02T14:04:08.140000+00:00,57140,p01,A,2,depressed_demo_001_linear,head_pose,sample,,,,,,,,0.0472,1.6,1.3,86.8254,-4.1237,-2.9607,,,,,,,
361,2026-08-02T14:04:08.239000+00:00,57239,p01,A,2,depressed_demo_001_linear,head_pose,sample,,,,,,,,0.0463,1.6,1.3,91.3384,-8.4675,0.3089,,,,,,,
362,2026-08-02T14:04:08.339000+00:00,57339,p01,A,2,depressed_demo_001_linear,head_pose,sample,,,,,,,,0.0456,1.6,1.3,107.2307,-7.1898,-0.3593,,,,,,,
363,2026-08-02T14:04:08.439000+00:00,57439,p01,A,2,depressed_demo_001_linear,head_pose,sample,,,,,,,,0.0523,1.6,1.3,108.1727,5.7415,0.762,,,,,,,
364,2026-08-02T14:04:08.538000+00:00,57538,p01,A,2,depressed_demo_001_linear,head_pose,sample,,,,,,,,0.0481,1.6,1.3,105.5486,-7.5332,1.1266,,,,,,,
365,2026-08-02T14:04:08.636000+00:00,57636,p01,A,2,depressed_demo_001_linear,head_pose,sample,,,,,,,,0.0441,1.6,1.3,102.8463,-1.4719,0.7343,,,,,,,
366,2026-08-02T14:04:08.737000+00:00,57737,p01,A,2,depressed_demo_001_linear,head_pose,sample,,,,,,,,0.0407,1.6,1.3,86.4908,-8.8988,-0.8781,,,,,,,
367,2026-08-02T14:04:08.835000+00:00,57835,p01,A,2,depressed_demo_001_linear,head_pose,sample,,,,,,,,0.0345,1.6,1.3,97.962,-2.8043,-0.1998,,,,,,,
368,2026-08-02T14:04:08.937000+00:00,57937,p01,A,2,depressed_demo_001_linear,head_pose,sample,,,,,,,,0.0307,1.6,1.3,91.1299,-4.9714,-1.9194,,,,,,,
369,2026-08-02T14:04:09.036000+00:00,58036,p01,A,2,depressed_demo_001_linear,head_pose,sample,,,,,,,,0.0349,1.6,1.3,92.2264,-4.7873,1.0072,,,,,,,
370,2026-08-02T14:04:09.136000+00:00,58136,p01,A,2,depressed_demo_001_linear,head_pose,sample,,,,,,,,0.0346,1.6,1.3,91.4459,-6.7903,2.7204,,,,,,,
371,2026-08-02T14:04:09.238000+00:00,58238,p01,A,2,depressed_demo_001_linear,head_pose,sample,,,,,,,,0.0382,1.6,1.3,89.2505,4.7953,-1.3381,,,,,,,
372,2026-08-02T14:04:09.339000+00:00,58339,p01,A,2,depressed_demo_001_linear,head_pose,sample,,,,,,,,0.0372,1.6,1.3,91.801,-0.2166,3.5303,,,,,,,
373,2026-08-02T14:04:09.438000+00:00,58438,p01,A,2,depressed_demo_001_linear,head_pose,sample,,,,,,,,0.0322,1.6,1.3,90.4101,0.3832,-1.8508,,,,,,,
374,2026-08-02T14:04:09.537000+00:00,58537,p01,A,2,depressed_demo_001_linear,head_pose,sample,,,,,,,,0.0255,1.6,1.3,96.7788,-10.9269,-0.5934,,,,,,,
375,2026-08-02T14:04:09.637000+00:00,58637,p01,A,2,depressed_demo_001_linear,head_pose,sample,,,,,,,,0.0256,1.6,1.3,97.1679,-0.1334,0.9461,,,,,,,
376,2026-08-02T14:04:09.739000+00:00,58739,p01,A,2,depressed_demo_001_linear,head_pose,sample,,,,,,,,0.0241,1.6,1.3,95.0887,-6.0262,1.5688,,,,,,,
377,2026-08-02T14:04:09.839000+00:00,58839,p01,A,2,depressed_demo_001_linear,head_pose,sample,,,,,,,,0.0267,1.6,1.3,91.2949,8.3347,0.0038,,,,,,,
378,2026-08-02T14:04:09.938000+00:00,58938,p01,A,2,depressed_demo_001_linear,head_pose,sample,,,,,,,,0.0289,1.6,1.3,87.2091,-7.4011,0.9009,,,,,,,
379,2026-08-02T14:04:10.038000+00:00,59038,p01,A,2,depressed_demo_001_linear,head_pose,sample,,,,,,,,0.0301,1.6,1.3,89.2879,-4.5211,-1.6417,,,,,,,
380,2026-08-02T14:04:10.137000+00:00,59137,p01,A,2,depressed_demo_001_linear,head_pose,sample,,,,,,,,0.025,1.6,1.3,98.5002,1.5274,0.2637,,,,,,,
381,2026-08-02T14:04:10.237000+00:00,59237,p01,A,2,depressed_demo_001_linear,head_pose,sample,,,,,,,,0.0188,1.6,1.3,98.3773,-2.3864,0.3542,,,,,,,
382,2026-08-02T14:04:10.338000+00:00,59338,p01,A,2,depressed_demo_001_linear,head_pose,sample,,,,,,,,0.0142,1.6,1.3,87.9095,-5.4392,1.8802,,,,,,,
383,2026-08-02T14:04:10.437000+00:00,59437,p01,A,2,depressed_demo_001_linear,head_pose,sample,,,,,,,,0.0059,1.6,1.3,92.908,0.9878,-1.15,,,,,,,
384,2026-08-02T14:04:10.537000+00:00,59537,p01,A,2,depressed_demo_001_linear,head_pose,sample,,,,,,,,-0.0008,1.6,1.3,94.8655,-7.5104,-1.459,,,,,,,
385,2026-08-02T14:04:10.637000+00:00,59637,p01,A,2,depressed_demo_001_linear,head_pose,sample,,,,,,,,-0.0048,1.6,1.3,100.2642,-6.2534,3.0787,,,,,,,
386,2026-08-02T14:04:10.735000+00:00,59735,p01,A,2,depressed_demo_001_linear,head_pose,sample,,,,,,,,-0.008,1.6,1.3,94.8331,0.4916,0.0107,,,,,,,
387,2026-08-02T14:04:10.837000+00:00,59837,p01,A,2,depressed_demo_001_linear,head_pose,sample,,,,,,,,-0.0048,1.6,1.3,100.0293,-0.2393,2.9143,,,,,,,
388,2026-08-02T14:04:10.938000+00:00,59938,p01,A,2,depressed_demo_001_linear,head_pose,sample,,,,,,,,-0.0017,1.6,1.3,103.353,-1.635,-0.277,,,,,,,
389,2026-08-02T14:04:11.037000+00:00,60037,p01,A,2,depressed_demo_001_linear,head_pose,sample,,,,,,,,-0.0001,1.6,1.3,99.7304,3.1828,-3.6624,,,,,,,
390,2026-08-02T14:04:11.135000+00:00,60135,p01,A,2,depressed_demo_001_linear,head_pose,sample,,,,,,,,-0.0042,1.6,1.3,105.2998,-4.048,-0.5935,,,,,,,
391,2026-08-02T14:04:11.236000+00:00,60236,p01,A,2,depressed_demo_001_linear,head_pose,sample,,,,,,,,-0.0076,1.6,1.3,113.8567,4.1749,1.6669,,,,,,,
392,2026-08-02T14:04:11.336000+00:00,60336,p01,A,2,depressed_demo_001_linear,head_pose,sample,,,,,,,,-0.0103,1.6,1.3,108.9806,-0.5876,1.3316,,,,,,,
393,2026-08-02T14:04:11.438000+00:00,60438,p01,A,2,depressed_demo_001_linear,head_pose,sample,,,,,,,,-0.0104,1.6,1.3,110.3325,3.0035,1.8991,,,,,,,
394,2026-08-02T14:04:11.537000+00:00,60537,p01,A,2,depressed_demo_001_linear,head_pose,sample,,,,,,,,-0.0051,1.6,1.3,114.8848,-4.3171,-0.4013,,,,,,,
395,2026-08-02T14:04:11.635000+00:00,60635,p01,A,2,depressed_demo_001_linear,head_pose,sample,,,,,,,,-0.0068,1.6,1.3,114.8202,2.8682,-0.2102,,,,,,,
396,2026-08-02T14:04:11.737000+00:00,60737,p01,A,2,depressed_demo_001_linear,head_pose,sample,,,,,,,,-0.0145,1.6,1.3,117.1007,1.9761,0.376,,,,,,,
397,2026-08-02T14:04:11.837000+00:00,60837,p01,A,2,depressed_demo_001_linear,head_pose,sample,,,,,,,,-0.0128,1.6,1.3,106.2238,-3.5801,-0.8956,,,,,,,
398,2026-08-02T14:04:11.938000+00:00,60938,p01,A,2,depressed_demo_001_linear,head_pose,sample,,,,,,,,-0.0093,1.6,1.3,108.3987,-5.0818,-0.0709,,,,,,,
399,2026-08-02T14:04:12.040000+00:00,61040,p01,A,2,depressed_demo_001_linear,head_pose,sample,,,,,,,,-0.0011,1.6,1.3,115.4574,-5.7215,2.6419,,,,,,,
400,2026-08-02T14:04:12.141000+00:00,61141,p01,A,2,depressed_demo_001_linear,head_pose,sample,,,,,,,,-0.0032,1.6,1.3,113.1255,-5.3707,-0.1961,,,,,,,
401,2026-08-02T14:04:12.240000+00:00,61240,p01,A,2,depressed_demo_001_linear,head_pose,sample,,,,,,,,-0.001,1.6,1.3,113.54,-5.1793,-0.4047,,,,,,,
402,2026-08-02T14:04:12.338000+00:00,61338,p01,A,2,depressed_demo_001_linear,head_pose,sample,,,,,,,,0.0017,1.6,1.3,111.3944,-0.9412,-4.1538,,,,,,,
403,2026-08-02T14:04:12.437000+00:00,61437,p01,A,2,depressed_demo_001_linear,head_pose,sample,,,,,,,,0.003,1.6,1.3,111.0949,-3.267,0.6258,,,,,,,
404,2026-08-02T14:04:12.536000+00:00,61536,p01,A,2,depressed_demo_001_linear,head_pose,sample,,,,,,,,0.0028,1.6,1.3,114.4442,-4.0849,0.4457,,,,,,,
405,2026-08-02T14:04:12.634000+00:00,61634,p01,A,2,depressed_demo_001_linear,head_pose,sample,,,,,,,,-0.0008,1.6,1.3,121.5836,-1.2671,-0.8254,,,,,,,
406,2026-08-02T14:04:12.732000+00:00,61732,p01,A,2,depressed_demo_001_linear,head_pose,sample,,,,,,,,0.0068,1.6,1.3,120.1492,-2.3278,0.9517,,,,,,,
407,2026-08-02T14:04:12.830000+00:00,61830,p01,A,2,depressed_demo_001_linear,head_pose,sample,,,,,,,,0.0083,1.6,1.3,122.4245,-0.2382,-1.693,,,,,,,
408,2026-08-02T14:04:12.931000+00:00,61931,p01,A,2,depressed_demo_001_linear,head_pose,sample,,,,,,,,0.0153,1.6,1.3,121.0174,-8.7653,0.199,,,,,,,
409,2026-08-02T14:04:13.029000+00:00,62029,p01,A,2,depressed_demo_001_linear,head_pose,sample,,,,,,,,0.0128,1.6,1.3,125.6571,0.6481,0.8754,,,,,,,
410,2026-08-02T14:04:13.129000+00:00,62129,p01,A,2,depressed_demo_001_linear,head_pose,sample,,,,,,,,0.0142,1.6,1.3,129.3693,-5.8828,1.6084,,,,,,,
411,2026-08-02T14:04:13.227000+00:00,62227,p01,A,2,depressed_demo_001_linear,head_pose,sample,,,,,,,,0.0128,1.6,1.3,132.357,-0.168,0.6573,,,,,,,
412,2026-08-02T14:04:13.329000+00:00,62329,p01,A,2,depressed_demo_001_linear,head_pose,sample,,,,,,,,0.0112,1.6,1.3,139.7509,-5.873,2.4135,,,,,,,
413,2026-08-02T14:04:13.427000+00:00,62427,p01,A,2,depressed_demo_001_linear,head_pose,sample,,,,,,,,0.0111,1.6,1.3,137.3616,2.642,0.8649,,,,,,,
414,2026-08-02T14:04:13.527000+00:00,62527,p01,A,2,depressed_demo_001_linear,head_pose,sample,,,,,,,,0.0083,1.6,1.3,132.1956,-5.1715,0.5762,,,,,,,
415,2026-08-02T14:04:13.626000+00:00,62626,p01,A,2,depressed_demo_001_linear,head_pose,sample,,,,,,,,0.0041,1.6,1.3,125.6492,-1.1015,1.4935,,,,,,,
416,2026-08-02T14:04:13.726000+00:00,62726,p01,A,2,depressed_demo_001_linear,head_pose,sample,,,,,,,,0.0096,1.6,1.3,121.2624,3.8529,-1.469,,,,,,,
417,2026-08-02T14:04:13.825000+00:00,62825,p01,A,2,depressed_demo_001_linear,head_pose,sample,,,,,,,,0.0114,1.6,1.3,121.947,2.9329,0.1373,,,,,,,
418,2026-08-02T14:04:13.925000+00:00,62925,p01,A,2,depressed_demo_001_linear,head_pose,sample,,,,,,,,0.0109,1.6,1.3,126.3558,-2.359,1.0677,,,,,,,
419,2026-08-02T14:04:14.024000+00:00,63024,p01,A,2,depressed_demo_001_linear,head_pose,sample,,,,,,,,0.0113,1.6,1.3,130.6341,-5.6837,0.9638,,,,,,,
420,2026-08-02T14:04:14.124000+00:00,63124,p01,A,2,depressed_demo_001_linear,head_pose,sample,,,,,,,,0.0168,1.6,1.3,126.0181,3.4995,0.9216,,,,,,,
421,2026-08-02T14:04:14.226000+00:00,63226,p01,A,2,depressed_demo_001_linear,head_pose,sample,,,,,,,,0.0224,1.6,1.3,133.5985,2.5062,0.5439,,,,,,,
422,2026-08-02T14:04:14.324000+00:00,63324,p01,A,2,depressed_demo_001_linear,room_hidden,"hidden before the grid, so the room is rated from memory not sight",,,,,,,,,,,,,,,,,,20014,,
423,2026-08-02T14:04:14.510000+00:00,63510,p01,A,2,depressed_demo_001_linear,grid_shown,,,,,,,,,,,,,,,,,,,,,
424,2026-08-02T14:04:15.196000+00:00,64196,p01,A,2,depressed_demo_001_linear,grid_hover,,,,,,,,,,,,,,,-0.1469,-0.0566,5,5,,,
425,2026-08-02T14:04:15.955000+00:00,64955,p01,A,2,depressed_demo_001_linear,grid_hover,,,,,,,,,,,,,,,-0.3414,0.0743,4,4,,,
426,2026-08-02T14:04:16.460000+00:00,65460,p01,A,2,depressed_demo_001_linear,grid_hover,,,,,,,,,,,,,,,-0.1601,-0.1124,3,4,,,
427,2026-08-02T14:04:17.158000+00:00,66158,p01,A,2,depressed_demo_001_linear,grid_hover,,,,,,,,,,,,,,,-0.2425,0.3459,3,3,,,
428,2026-08-02T14:04:18.295000+00:00,67295,p01,A,2,depressed_demo_001_linear,grid_hover,,,,,,,,,,,,,,,-0.1295,-0.3856,2,3,,,
429,2026-08-02T14:04:19.313000+00:00,68313,p01,A,2,depressed_demo_001_linear,grid_hover,,,,,,,,,,,,,,,-0.1238,0.2104,3,3,,,
430,2026-08-02T14:04:20.660000+00:00,69660,p01,A,2,depressed_demo_001_linear,grid_selected,dwell_ms=5312,,,,,,,,,,,,,,0.1132,-0.2041,3,3,,,
431,2026-08-02T14:04:20.724000+00:00,69724,p01,A,2,depressed_demo_001_linear,grid_hidden,response committed,,,,,,,,,,,,,,,,3,3,,,
432,2026-08-02T14:04:20.824000+00:00,69824,p01,A,2,depressed_demo_001_linear,trial_end,,,,,,,,,,,,,,,,,,,,,
433,2026-08-02T14:04:20.896000+00:00,69896,p01,,,,app_focus_lost,,,,,,,,,,,,,,,,,,,,,
434,2026-08-02T14:04:23.398000+00:00,72398,p01,,,,app_focus_gained,,,,,,,,,,,,,,,,,,,,,
435,2026-08-02T14:04:23.743000+00:00,72743,p01,B,1,b01_b001,review_trial_start,shown_as=depressed,,,,,,,,,,,,,,,,,,perturbed,brightness,
436,2026-08-02T14:04:23.875000+00:00,72875,p01,B,1,b01_b001,review_room_shown,perturbed,depressed,curved,depressed_demo_001,240,0.2,100,textile,,,,,,,,,,,,,
437,2026-08-02T14:04:31.875000+00:00,80875,p01,B,1,b01_b001,detection_shown,,,,,,,,,,,,,,,,,,,,,
438,2026-08-02T14:04:34.715000+00:00,83715,p01,B,1,b01_b001,detection_answered,,,,,,,,,,,,,,,,,,,wrong,0.8,
439,2026-08-02T14:04:35.532000+00:00,84532,p01,B,1,b01_b001,attribution_shown,,,,,,,,,,,,,,,,,,,,,
440,2026-08-02T14:04:40.476000+00:00,89476,p01,B,1,b01_b001,attribution_answered,,,,,,,,,,,,,,,,,,,brightness,0.65,
441,2026-08-02T14:04:41.227000+00:00,90227,p01,B,1,b01_b001,correction_shown,,,,,,,,,,,,,,,,,,,,,
442,2026-08-02T14:04:44.729000+00:00,93729,p01,B,1,b01_b001,correction_answered,,,,,,,,,,,,,,,,,,,30,,
443,2026-08-02T14:04:44.875000+00:00,93875,p01,B,1,b01_b001,review_trial_end,,,,,,,,,,,,,,,,,,,,,
444,2026-08-02T14:04:45.267000+00:00,94267,p01,,,,session_end,component destroyed,,,,,,,,,,,,,,,,,,,,
